{
  "stats": {
    "suites": 2,
    "tests": 9,
    "passes": 1,
    "pending": 7,
    "failures": 1,
    "start": "2021-09-25T13:00:54.627Z",
    "end": "2021-09-25T13:01:14.087Z",
    "duration": 8822,
    "testsRegistered": 9,
    "passPercent": 11.11111111111111,
    "pendingPercent": 77.77777777777777,
    "other": 0,
    "hasOther": false,
    "skipped": 0,
    "hasSkipped": false
  },
  "results": [
    {
      "uuid": "8fd0e117-e97d-4648-b8a3-cadc8675bfb0",
      "title": "",
      "fullFile": "cypress/integration/DropDown.spec.js",
      "file": "cypress/integration/DropDown.spec.js",
      "beforeHooks": [],
      "afterHooks": [],
      "tests": [],
      "suites": [
        {
          "uuid": "4a30b6ba-71c6-49b1-81d9-a17e50f57542",
          "title": "XPath",
          "fullFile": "",
          "file": "",
          "beforeHooks": [],
          "afterHooks": [],
          "tests": [
            {
              "title": "Select with Text Value",
              "fullTitle": "XPath Select with Text Value",
              "timedOut": null,
              "duration": 0,
              "state": "pending",
              "speed": null,
              "pass": false,
              "fail": false,
              "pending": true,
              "context": null,
              "code": "",
              "err": {},
              "uuid": "8f8401bf-a8e8-4abf-bac5-8c95ac73ff2c",
              "parentUUID": "4a30b6ba-71c6-49b1-81d9-a17e50f57542",
              "isHook": false,
              "skipped": false
            },
            {
              "title": "Select with option value",
              "fullTitle": "XPath Select with option value",
              "timedOut": null,
              "duration": 0,
              "state": "pending",
              "speed": null,
              "pass": false,
              "fail": false,
              "pending": true,
              "context": null,
              "code": "",
              "err": {},
              "uuid": "e269f02d-914c-450d-847d-8b5cf15a1f01",
              "parentUUID": "4a30b6ba-71c6-49b1-81d9-a17e50f57542",
              "isHook": false,
              "skipped": false
            },
            {
              "title": "Autocompletion dropdown built using Input type = \"test\" html element",
              "fullTitle": "XPath Autocompletion dropdown built using Input type = \"test\" html element",
              "timedOut": null,
              "duration": 0,
              "state": "pending",
              "speed": null,
              "pass": false,
              "fail": false,
              "pending": true,
              "context": null,
              "code": "",
              "err": {},
              "uuid": "a80fba6d-6dda-44d6-b524-d01dde6b352b",
              "parentUUID": "4a30b6ba-71c6-49b1-81d9-a17e50f57542",
              "isHook": false,
              "skipped": false
            },
            {
              "title": "Multi Select - Select html element",
              "fullTitle": "XPath Multi Select - Select html element",
              "timedOut": null,
              "duration": 0,
              "state": "pending",
              "speed": null,
              "pass": false,
              "fail": false,
              "pending": true,
              "context": null,
              "code": "",
              "err": {},
              "uuid": "e10590e2-e4fa-424e-80b4-884b2824a913",
              "parentUUID": "4a30b6ba-71c6-49b1-81d9-a17e50f57542",
              "isHook": false,
              "skipped": false
            },
            {
              "title": "Multi Select - Select html element - Chosen JQuery Plugin",
              "fullTitle": "XPath Multi Select - Select html element - Chosen JQuery Plugin",
              "timedOut": null,
              "duration": 5319,
              "state": "failed",
              "speed": null,
              "pass": false,
              "fail": true,
              "pending": false,
              "context": "\"assets/DropDown.spec.js/XPath -- Multi Select - Select html element - Chosen JQuery Plugin (failed).png\"",
              "code": "// <Arrange>\ncy.visit(Cypress.env(`baseUrl`)); // <Act> <Assert>\n// cy.get(`#mSelect`)\n//   .select([`United States`, `Albania`, `Angola`], {force:true})\n//   .invoke(`val`)\n//   .should(`deep.equal`, [`United States`, `Albania`, `Angola`]);\ncy.get(`input[value=\"Choose a Country\"]`).type(\"United States{enter}\").type(\"Albania{enter}\").type(\"Angola{enter}\");\ncy.get(`#mSelect`).invoke(\"val\").should(\"deep.equal\", [`United States`, `Albania`, `Angola`]); // Delete Albania\ncy.get(\"li.search-choice span:contains('Albania')\").next(`a`).click();",
              "err": {
                "message": "AssertionError: Timed out retrying after 4000ms: Expected to find element: `input[value=\"Choose a Country\"]`, but never found it.",
                "estack": "AssertionError: Timed out retrying after 4000ms: Expected to find element: `input[value=\"Choose a Country\"]`, but never found it.\n    at Context.eval (http://127.0.0.1:5501/__cypress/tests?p=cypress\\integration\\DropDown.spec.js:151:8)",
                "diff": null
              },
              "uuid": "d2acc407-07cd-4605-83f6-c2786d604b58",
              "parentUUID": "4a30b6ba-71c6-49b1-81d9-a17e50f57542",
              "isHook": false,
              "skipped": false
            },
            {
              "title": "testautomationpractice select drop down",
              "fullTitle": "XPath testautomationpractice select drop down",
              "timedOut": null,
              "duration": 0,
              "state": "pending",
              "speed": null,
              "pass": false,
              "fail": false,
              "pending": true,
              "context": null,
              "code": "",
              "err": {},
              "uuid": "d75f4efe-0cf2-4c75-a4bd-e434107c319a",
              "parentUUID": "4a30b6ba-71c6-49b1-81d9-a17e50f57542",
              "isHook": false,
              "skipped": false
            },
            {
              "title": "Google Auto Completion",
              "fullTitle": "XPath Google Auto Completion",
              "timedOut": null,
              "duration": 0,
              "state": "pending",
              "speed": null,
              "pass": false,
              "fail": false,
              "pending": true,
              "context": null,
              "code": "",
              "err": {},
              "uuid": "0cd45149-d67a-476e-ae51-71cb6d152dc3",
              "parentUUID": "4a30b6ba-71c6-49b1-81d9-a17e50f57542",
              "isHook": false,
              "skipped": false
            },
            {
              "title": "phptravels.net Custom Drop Down",
              "fullTitle": "XPath phptravels.net Custom Drop Down",
              "timedOut": null,
              "duration": 0,
              "state": "pending",
              "speed": null,
              "pass": false,
              "fail": false,
              "pending": true,
              "context": null,
              "code": "",
              "err": {},
              "uuid": "38279941-2775-44cf-bf8b-5eaa5a49842b",
              "parentUUID": "4a30b6ba-71c6-49b1-81d9-a17e50f57542",
              "isHook": false,
              "skipped": false
            }
          ],
          "suites": [],
          "passes": [],
          "failures": [
            "d2acc407-07cd-4605-83f6-c2786d604b58"
          ],
          "pending": [
            "8f8401bf-a8e8-4abf-bac5-8c95ac73ff2c",
            "e269f02d-914c-450d-847d-8b5cf15a1f01",
            "a80fba6d-6dda-44d6-b524-d01dde6b352b",
            "e10590e2-e4fa-424e-80b4-884b2824a913",
            "d75f4efe-0cf2-4c75-a4bd-e434107c319a",
            "0cd45149-d67a-476e-ae51-71cb6d152dc3",
            "38279941-2775-44cf-bf8b-5eaa5a49842b"
          ],
          "skipped": [],
          "duration": 5319,
          "root": false,
          "rootEmpty": false,
          "_timeout": 2000
        }
      ],
      "passes": [],
      "failures": [],
      "pending": [],
      "skipped": [],
      "duration": 0,
      "root": true,
      "rootEmpty": true,
      "_timeout": 2000
    },
    {
      "uuid": "e3d588f3-be0c-4746-abd6-2f493d8f10c5",
      "title": "",
      "fullFile": "cypress/integration/DragDrop.spec.js",
      "file": "cypress/integration/DragDrop.spec.js",
      "beforeHooks": [],
      "afterHooks": [],
      "tests": [],
      "suites": [
        {
          "uuid": "08471599-a305-4f5d-8403-3f58fb69e2f9",
          "title": "Drag and Drop",
          "fullFile": "",
          "file": "",
          "beforeHooks": [],
          "afterHooks": [],
          "tests": [
            {
              "title": "Drag n Drop - HTML Mouse Events",
              "fullTitle": "Drag and Drop Drag n Drop - HTML Mouse Events",
              "timedOut": null,
              "duration": 3503,
              "state": "passed",
              "speed": "slow",
              "pass": true,
              "fail": false,
              "pending": false,
              "context": null,
              "code": "cy.visit(\"/DragDropMouseEvents.html\");\ndndMouse(\"#divTwo\", \"#divOne\");\ncy.on(\"window:alert\", text => {\n  expect(text).to.eql(\"Smaller circle is dropped inside bigger circle\");\n});",
              "err": {},
              "uuid": "438f0bf5-f0d5-4852-9dee-bf27353c01c7",
              "parentUUID": "08471599-a305-4f5d-8403-3f58fb69e2f9",
              "isHook": false,
              "skipped": false
            }
          ],
          "suites": [],
          "passes": [
            "438f0bf5-f0d5-4852-9dee-bf27353c01c7"
          ],
          "failures": [],
          "pending": [],
          "skipped": [],
          "duration": 3503,
          "root": false,
          "rootEmpty": false,
          "_timeout": 2000
        }
      ],
      "passes": [],
      "failures": [],
      "pending": [],
      "skipped": [],
      "duration": 0,
      "root": true,
      "rootEmpty": true,
      "_timeout": 2000
    }
  ],
  "meta": {
    "mocha": {
      "version": "7.0.1"
    },
    "mochawesome": {
      "options": {
        "quiet": false,
        "reportFilename": "mochawesome",
        "saveHtml": false,
        "saveJson": true,
        "consoleReporter": "spec",
        "useInlineDiffs": false,
        "code": true
      },
      "version": "6.2.2"
    },
    "marge": {
      "options": {
        "id": "default",
        "reportDir": "cypress/reports/mocha",
        "quite": true,
        "overwrite": false,
        "html": false,
        "json": true
      },
      "version": "5.2.0"
    }
  }
}